model,test_acc,test_macro_f1
GradBoost,0.535,0.5263680578543963
LogReg,0.515,0.5148059223689476
LinearSVM,0.5075,0.5074969218557616
XGBoost,0.5125,0.4984277639523892
SVM_RBF,0.505,0.48936170212765956
RandomForest,0.5225,0.4631476133257443
